email,password,expect_code,label
perfuser001@eshop.test,Perf1234!,200,valid
perfuser002@eshop.test,Perf1234!,200,valid
perfuser003@eshop.test,Perf1234!,200,valid
perfuser004@eshop.test,Perf1234!,200,valid
perfuser005@eshop.test,Perf1234!,200,valid
perfuser006@eshop.test,Perf1234!,200,valid
perfuser007@eshop.test,Perf1234!,200,valid
perfuser008@eshop.test,Perf1234!,200,valid
perfuser009@eshop.test,Perf1234!,200,valid
perfuser010@eshop.test,Perf1234!,200,valid
perfuser011@eshop.test,Perf1234!,200,valid
perfuser012@eshop.test,Perf1234!,200,valid
perfuser013@eshop.test,Perf1234!,200,valid
perfuser014@eshop.test,Perf1234!,200,valid
perfuser015@eshop.test,Perf1234!,200,valid
perfuser016@eshop.test,Perf1234!,200,valid
perfuser017@eshop.test,Perf1234!,200,valid
perfuser018@eshop.test,Perf1234!,200,valid
perfuser019@eshop.test,Perf1234!,200,valid
perfuser020@eshop.test,Perf1234!,200,valid
perfuser021@eshop.test,Perf1234!,200,valid
perfuser022@eshop.test,Perf1234!,200,valid
perfuser023@eshop.test,Perf1234!,200,valid
perfuser024@eshop.test,Perf1234!,200,valid
perfuser025@eshop.test,Perf1234!,200,valid
perfuser026@eshop.test,Perf1234!,200,valid
perfuser027@eshop.test,Perf1234!,200,valid
perfuser028@eshop.test,Perf1234!,200,valid
perfuser029@eshop.test,Perf1234!,200,valid
perfuser030@eshop.test,Perf1234!,200,valid
perfuser031@eshop.test,Perf1234!,200,valid
perfuser032@eshop.test,Perf1234!,200,valid
perfuser033@eshop.test,Perf1234!,200,valid
perfuser034@eshop.test,Perf1234!,200,valid
perfuser035@eshop.test,Perf1234!,200,valid
perfuser036@eshop.test,Perf1234!,200,valid
perfuser037@eshop.test,Perf1234!,200,valid
perfuser038@eshop.test,Perf1234!,200,valid
perfuser039@eshop.test,Perf1234!,200,valid
perfuser040@eshop.test,Perf1234!,200,valid
perfuser041@eshop.test,Perf1234!,200,valid
perfuser042@eshop.test,Perf1234!,200,valid
perfuser043@eshop.test,Perf1234!,200,valid
perfuser044@eshop.test,Perf1234!,200,valid
perfuser045@eshop.test,Perf1234!,200,valid
perfuser046@eshop.test,Perf1234!,200,valid
perfuser047@eshop.test,Perf1234!,200,valid
perfuser048@eshop.test,Perf1234!,200,valid
perfuser049@eshop.test,Perf1234!,200,valid
perfuser050@eshop.test,Perf1234!,200,valid
perfuser051@eshop.test,Perf1234!,200,valid
perfuser052@eshop.test,Perf1234!,200,valid
perfuser053@eshop.test,Perf1234!,200,valid
perfuser054@eshop.test,Perf1234!,200,valid
perfuser055@eshop.test,Perf1234!,200,valid
perfuser056@eshop.test,Perf1234!,200,valid
perfuser057@eshop.test,Perf1234!,200,valid
perfuser058@eshop.test,Perf1234!,200,valid
perfuser059@eshop.test,Perf1234!,200,valid
perfuser060@eshop.test,Perf1234!,200,valid
perfuser061@eshop.test,Perf1234!,200,valid
perfuser062@eshop.test,Perf1234!,200,valid
perfuser063@eshop.test,Perf1234!,200,valid
perfuser064@eshop.test,Perf1234!,200,valid
perfuser065@eshop.test,Perf1234!,200,valid
perfuser066@eshop.test,Perf1234!,200,valid
perfuser067@eshop.test,Perf1234!,200,valid
perfuser068@eshop.test,Perf1234!,200,valid
perfuser069@eshop.test,Perf1234!,200,valid
perfuser070@eshop.test,Perf1234!,200,valid
perfuser071@eshop.test,Perf1234!,200,valid
perfuser072@eshop.test,Perf1234!,200,valid
perfuser073@eshop.test,Perf1234!,200,valid
perfuser074@eshop.test,Perf1234!,200,valid
perfuser075@eshop.test,Perf1234!,200,valid
perfuser076@eshop.test,Perf1234!,200,valid
perfuser077@eshop.test,Perf1234!,200,valid
perfuser078@eshop.test,Perf1234!,200,valid
perfuser079@eshop.test,Perf1234!,200,valid
perfuser080@eshop.test,Perf1234!,200,valid
perfuser081@eshop.test,Perf1234!,200,valid
perfuser082@eshop.test,Perf1234!,200,valid
perfuser083@eshop.test,Perf1234!,200,valid
perfuser084@eshop.test,Perf1234!,200,valid
perfuser085@eshop.test,Perf1234!,200,valid
perfuser086@eshop.test,Perf1234!,200,valid
perfuser087@eshop.test,Perf1234!,200,valid
perfuser088@eshop.test,Perf1234!,200,valid
perfuser089@eshop.test,Perf1234!,200,valid
perfuser090@eshop.test,Perf1234!,200,valid
perfuser091@eshop.test,Perf1234!,200,valid
perfuser092@eshop.test,Perf1234!,200,valid
perfuser093@eshop.test,Perf1234!,200,valid
perfuser094@eshop.test,Perf1234!,200,valid
perfuser095@eshop.test,Perf1234!,200,valid
perfuser096@eshop.test,Perf1234!,200,valid
perfuser097@eshop.test,Perf1234!,200,valid
perfuser098@eshop.test,Perf1234!,200,valid
perfuser099@eshop.test,Perf1234!,200,valid
perfuser100@eshop.test,Perf1234!,200,valid
perfuser101@eshop.test,Perf1234!,200,valid
perfuser102@eshop.test,Perf1234!,200,valid
perfuser103@eshop.test,Perf1234!,200,valid
perfuser104@eshop.test,Perf1234!,200,valid
perfuser105@eshop.test,Perf1234!,200,valid
perfuser106@eshop.test,Perf1234!,200,valid
perfuser107@eshop.test,Perf1234!,200,valid
perfuser108@eshop.test,Perf1234!,200,valid
perfuser109@eshop.test,Perf1234!,200,valid
perfuser110@eshop.test,Perf1234!,200,valid
perfuser111@eshop.test,Perf1234!,200,valid
perfuser112@eshop.test,Perf1234!,200,valid
perfuser113@eshop.test,Perf1234!,200,valid
perfuser114@eshop.test,Perf1234!,200,valid
perfuser115@eshop.test,Perf1234!,200,valid
perfuser116@eshop.test,Perf1234!,200,valid
perfuser117@eshop.test,Perf1234!,200,valid
perfuser118@eshop.test,Perf1234!,200,valid
perfuser119@eshop.test,Perf1234!,200,valid
perfuser120@eshop.test,Perf1234!,200,valid
perfuser121@eshop.test,Perf1234!,200,valid
perfuser122@eshop.test,Perf1234!,200,valid
perfuser123@eshop.test,Perf1234!,200,valid
perfuser124@eshop.test,Perf1234!,200,valid
perfuser125@eshop.test,Perf1234!,200,valid
perfuser126@eshop.test,Perf1234!,200,valid
perfuser127@eshop.test,Perf1234!,200,valid
perfuser128@eshop.test,Perf1234!,200,valid
perfuser129@eshop.test,Perf1234!,200,valid
perfuser130@eshop.test,Perf1234!,200,valid
perfuser131@eshop.test,Perf1234!,200,valid
perfuser132@eshop.test,Perf1234!,200,valid
perfuser133@eshop.test,Perf1234!,200,valid
perfuser134@eshop.test,Perf1234!,200,valid
perfuser135@eshop.test,Perf1234!,200,valid
perfuser136@eshop.test,Perf1234!,200,valid
perfuser137@eshop.test,Perf1234!,200,valid
perfuser138@eshop.test,Perf1234!,200,valid
perfuser139@eshop.test,Perf1234!,200,valid
perfuser140@eshop.test,Perf1234!,200,valid
perfuser141@eshop.test,Perf1234!,200,valid
perfuser142@eshop.test,Perf1234!,200,valid
perfuser143@eshop.test,Perf1234!,200,valid
perfuser144@eshop.test,Perf1234!,200,valid
perfuser145@eshop.test,Perf1234!,200,valid
perfuser146@eshop.test,Perf1234!,200,valid
perfuser147@eshop.test,Perf1234!,200,valid
perfuser148@eshop.test,Perf1234!,200,valid
perfuser149@eshop.test,Perf1234!,200,valid
perfuser150@eshop.test,Perf1234!,200,valid
perfuser151@eshop.test,Perf1234!,200,valid
perfuser152@eshop.test,Perf1234!,200,valid
perfuser153@eshop.test,Perf1234!,200,valid
perfuser154@eshop.test,Perf1234!,200,valid
perfuser155@eshop.test,Perf1234!,200,valid
perfuser156@eshop.test,Perf1234!,200,valid
perfuser157@eshop.test,Perf1234!,200,valid
perfuser158@eshop.test,Perf1234!,200,valid
perfuser159@eshop.test,Perf1234!,200,valid
perfuser160@eshop.test,Perf1234!,200,valid
perfuser161@eshop.test,Perf1234!,200,valid
perfuser162@eshop.test,Perf1234!,200,valid
perfuser163@eshop.test,Perf1234!,200,valid
perfuser164@eshop.test,Perf1234!,200,valid
perfuser165@eshop.test,Perf1234!,200,valid
perfuser166@eshop.test,Perf1234!,200,valid
perfuser167@eshop.test,Perf1234!,200,valid
perfuser168@eshop.test,Perf1234!,200,valid
perfuser169@eshop.test,Perf1234!,200,valid
perfuser170@eshop.test,Perf1234!,200,valid
perfuser171@eshop.test,Perf1234!,200,valid
perfuser172@eshop.test,Perf1234!,200,valid
perfuser173@eshop.test,Perf1234!,200,valid
perfuser174@eshop.test,Perf1234!,200,valid
perfuser175@eshop.test,Perf1234!,200,valid
perfuser176@eshop.test,Perf1234!,200,valid
perfuser177@eshop.test,Perf1234!,200,valid
perfuser178@eshop.test,Perf1234!,200,valid
perfuser179@eshop.test,Perf1234!,200,valid
perfuser180@eshop.test,Perf1234!,200,valid
perfuser181@eshop.test,Perf1234!,200,valid
perfuser182@eshop.test,Perf1234!,200,valid
perfuser183@eshop.test,Perf1234!,200,valid
perfuser184@eshop.test,Perf1234!,200,valid
perfuser185@eshop.test,Perf1234!,200,valid
perfuser186@eshop.test,Perf1234!,200,valid
perfuser187@eshop.test,Perf1234!,200,valid
perfuser188@eshop.test,Perf1234!,200,valid
perfuser189@eshop.test,Perf1234!,200,valid
perfuser190@eshop.test,Perf1234!,200,valid
perfuser191@eshop.test,Perf1234!,200,valid
perfuser192@eshop.test,Perf1234!,200,valid
perfuser193@eshop.test,Perf1234!,200,valid
perfuser194@eshop.test,Perf1234!,200,valid
perfuser195@eshop.test,Perf1234!,200,valid
perfuser196@eshop.test,Perf1234!,200,valid
perfuser197@eshop.test,Perf1234!,200,valid
perfuser198@eshop.test,Perf1234!,200,valid
perfuser199@eshop.test,Perf1234!,200,valid
perfuser200@eshop.test,Perf1234!,200,valid
lockprobe001@eshop.test,SaiMatKhau!,401|403,lockout-probe
lockprobe002@eshop.test,SaiMatKhau!,401|403,lockout-probe
lockprobe003@eshop.test,SaiMatKhau!,401|403,lockout-probe
lockprobe004@eshop.test,SaiMatKhau!,401|403,lockout-probe
lockprobe005@eshop.test,SaiMatKhau!,401|403,lockout-probe
lockprobe006@eshop.test,SaiMatKhau!,401|403,lockout-probe
lockprobe007@eshop.test,SaiMatKhau!,401|403,lockout-probe
lockprobe008@eshop.test,SaiMatKhau!,401|403,lockout-probe
lockprobe009@eshop.test,SaiMatKhau!,401|403,lockout-probe
lockprobe010@eshop.test,SaiMatKhau!,401|403,lockout-probe
