email,password,product_id,quantity,price,total_amount,shipping_address
perfuser001@eshop.test,Perf1234!,1,2,6000000,12000000,"227 Nguyen Van Cu, Quan 5, TP.HCM"
perfuser002@eshop.test,Perf1234!,2,3,7000000,21000000,"45 Le Loi, Quan 1, TP.HCM"
perfuser003@eshop.test,Perf1234!,3,1,8000000,8000000,"88 Tran Hung Dao, Quan 1, TP.HCM"
perfuser004@eshop.test,Perf1234!,4,2,9000000,18000000,"3 Cong Hoa, Tan Binh, TP.HCM"
perfuser005@eshop.test,Perf1234!,5,3,10000000,30000000,"12 Nguyen Hue, Quan 1, TP.HCM"
perfuser006@eshop.test,Perf1234!,6,1,11000000,11000000,"227 Nguyen Van Cu, Quan 5, TP.HCM"
perfuser007@eshop.test,Perf1234!,7,2,12000000,24000000,"45 Le Loi, Quan 1, TP.HCM"
perfuser008@eshop.test,Perf1234!,8,3,13000000,39000000,"88 Tran Hung Dao, Quan 1, TP.HCM"
perfuser009@eshop.test,Perf1234!,9,1,14000000,14000000,"3 Cong Hoa, Tan Binh, TP.HCM"
perfuser010@eshop.test,Perf1234!,10,2,5000000,10000000,"12 Nguyen Hue, Quan 1, TP.HCM"
perfuser011@eshop.test,Perf1234!,11,3,6000000,18000000,"227 Nguyen Van Cu, Quan 5, TP.HCM"
perfuser012@eshop.test,Perf1234!,12,1,7000000,7000000,"45 Le Loi, Quan 1, TP.HCM"
perfuser013@eshop.test,Perf1234!,13,2,8000000,16000000,"88 Tran Hung Dao, Quan 1, TP.HCM"
perfuser014@eshop.test,Perf1234!,14,3,9000000,27000000,"3 Cong Hoa, Tan Binh, TP.HCM"
perfuser015@eshop.test,Perf1234!,15,1,10000000,10000000,"12 Nguyen Hue, Quan 1, TP.HCM"
perfuser016@eshop.test,Perf1234!,16,2,11000000,22000000,"227 Nguyen Van Cu, Quan 5, TP.HCM"
perfuser017@eshop.test,Perf1234!,17,3,12000000,36000000,"45 Le Loi, Quan 1, TP.HCM"
perfuser018@eshop.test,Perf1234!,18,1,13000000,13000000,"88 Tran Hung Dao, Quan 1, TP.HCM"
perfuser019@eshop.test,Perf1234!,19,2,14000000,28000000,"3 Cong Hoa, Tan Binh, TP.HCM"
perfuser020@eshop.test,Perf1234!,20,3,5000000,15000000,"12 Nguyen Hue, Quan 1, TP.HCM"
perfuser021@eshop.test,Perf1234!,21,1,6000000,6000000,"227 Nguyen Van Cu, Quan 5, TP.HCM"
perfuser022@eshop.test,Perf1234!,22,2,7000000,14000000,"45 Le Loi, Quan 1, TP.HCM"
perfuser023@eshop.test,Perf1234!,23,3,8000000,24000000,"88 Tran Hung Dao, Quan 1, TP.HCM"
perfuser024@eshop.test,Perf1234!,24,1,9000000,9000000,"3 Cong Hoa, Tan Binh, TP.HCM"
perfuser025@eshop.test,Perf1234!,25,2,10000000,20000000,"12 Nguyen Hue, Quan 1, TP.HCM"
perfuser026@eshop.test,Perf1234!,26,3,11000000,33000000,"227 Nguyen Van Cu, Quan 5, TP.HCM"
perfuser027@eshop.test,Perf1234!,27,1,12000000,12000000,"45 Le Loi, Quan 1, TP.HCM"
perfuser028@eshop.test,Perf1234!,28,2,13000000,26000000,"88 Tran Hung Dao, Quan 1, TP.HCM"
perfuser029@eshop.test,Perf1234!,29,3,14000000,42000000,"3 Cong Hoa, Tan Binh, TP.HCM"
perfuser030@eshop.test,Perf1234!,30,1,5000000,5000000,"12 Nguyen Hue, Quan 1, TP.HCM"
perfuser031@eshop.test,Perf1234!,31,2,6000000,12000000,"227 Nguyen Van Cu, Quan 5, TP.HCM"
perfuser032@eshop.test,Perf1234!,32,3,7000000,21000000,"45 Le Loi, Quan 1, TP.HCM"
perfuser033@eshop.test,Perf1234!,33,1,8000000,8000000,"88 Tran Hung Dao, Quan 1, TP.HCM"
perfuser034@eshop.test,Perf1234!,34,2,9000000,18000000,"3 Cong Hoa, Tan Binh, TP.HCM"
perfuser035@eshop.test,Perf1234!,35,3,10000000,30000000,"12 Nguyen Hue, Quan 1, TP.HCM"
perfuser036@eshop.test,Perf1234!,36,1,11000000,11000000,"227 Nguyen Van Cu, Quan 5, TP.HCM"
perfuser037@eshop.test,Perf1234!,37,2,12000000,24000000,"45 Le Loi, Quan 1, TP.HCM"
perfuser038@eshop.test,Perf1234!,38,3,13000000,39000000,"88 Tran Hung Dao, Quan 1, TP.HCM"
perfuser039@eshop.test,Perf1234!,39,1,14000000,14000000,"3 Cong Hoa, Tan Binh, TP.HCM"
perfuser040@eshop.test,Perf1234!,40,2,5000000,10000000,"12 Nguyen Hue, Quan 1, TP.HCM"
perfuser041@eshop.test,Perf1234!,41,3,6000000,18000000,"227 Nguyen Van Cu, Quan 5, TP.HCM"
perfuser042@eshop.test,Perf1234!,42,1,7000000,7000000,"45 Le Loi, Quan 1, TP.HCM"
perfuser043@eshop.test,Perf1234!,43,2,8000000,16000000,"88 Tran Hung Dao, Quan 1, TP.HCM"
perfuser044@eshop.test,Perf1234!,44,3,9000000,27000000,"3 Cong Hoa, Tan Binh, TP.HCM"
perfuser045@eshop.test,Perf1234!,45,1,10000000,10000000,"12 Nguyen Hue, Quan 1, TP.HCM"
perfuser046@eshop.test,Perf1234!,46,2,11000000,22000000,"227 Nguyen Van Cu, Quan 5, TP.HCM"
perfuser047@eshop.test,Perf1234!,47,3,12000000,36000000,"45 Le Loi, Quan 1, TP.HCM"
perfuser048@eshop.test,Perf1234!,48,1,13000000,13000000,"88 Tran Hung Dao, Quan 1, TP.HCM"
perfuser049@eshop.test,Perf1234!,49,2,14000000,28000000,"3 Cong Hoa, Tan Binh, TP.HCM"
perfuser050@eshop.test,Perf1234!,50,3,5000000,15000000,"12 Nguyen Hue, Quan 1, TP.HCM"
perfuser051@eshop.test,Perf1234!,51,1,6000000,6000000,"227 Nguyen Van Cu, Quan 5, TP.HCM"
perfuser052@eshop.test,Perf1234!,52,2,7000000,14000000,"45 Le Loi, Quan 1, TP.HCM"
perfuser053@eshop.test,Perf1234!,53,3,8000000,24000000,"88 Tran Hung Dao, Quan 1, TP.HCM"
perfuser054@eshop.test,Perf1234!,54,1,9000000,9000000,"3 Cong Hoa, Tan Binh, TP.HCM"
perfuser055@eshop.test,Perf1234!,55,2,10000000,20000000,"12 Nguyen Hue, Quan 1, TP.HCM"
perfuser056@eshop.test,Perf1234!,56,3,11000000,33000000,"227 Nguyen Van Cu, Quan 5, TP.HCM"
perfuser057@eshop.test,Perf1234!,57,1,12000000,12000000,"45 Le Loi, Quan 1, TP.HCM"
perfuser058@eshop.test,Perf1234!,58,2,13000000,26000000,"88 Tran Hung Dao, Quan 1, TP.HCM"
perfuser059@eshop.test,Perf1234!,59,3,14000000,42000000,"3 Cong Hoa, Tan Binh, TP.HCM"
perfuser060@eshop.test,Perf1234!,60,1,5000000,5000000,"12 Nguyen Hue, Quan 1, TP.HCM"
perfuser061@eshop.test,Perf1234!,61,2,6000000,12000000,"227 Nguyen Van Cu, Quan 5, TP.HCM"
perfuser062@eshop.test,Perf1234!,62,3,7000000,21000000,"45 Le Loi, Quan 1, TP.HCM"
perfuser063@eshop.test,Perf1234!,63,1,8000000,8000000,"88 Tran Hung Dao, Quan 1, TP.HCM"
perfuser064@eshop.test,Perf1234!,64,2,9000000,18000000,"3 Cong Hoa, Tan Binh, TP.HCM"
perfuser065@eshop.test,Perf1234!,65,3,10000000,30000000,"12 Nguyen Hue, Quan 1, TP.HCM"
perfuser066@eshop.test,Perf1234!,66,1,11000000,11000000,"227 Nguyen Van Cu, Quan 5, TP.HCM"
perfuser067@eshop.test,Perf1234!,67,2,12000000,24000000,"45 Le Loi, Quan 1, TP.HCM"
perfuser068@eshop.test,Perf1234!,68,3,13000000,39000000,"88 Tran Hung Dao, Quan 1, TP.HCM"
perfuser069@eshop.test,Perf1234!,69,1,14000000,14000000,"3 Cong Hoa, Tan Binh, TP.HCM"
perfuser070@eshop.test,Perf1234!,70,2,5000000,10000000,"12 Nguyen Hue, Quan 1, TP.HCM"
perfuser071@eshop.test,Perf1234!,71,3,6000000,18000000,"227 Nguyen Van Cu, Quan 5, TP.HCM"
perfuser072@eshop.test,Perf1234!,72,1,7000000,7000000,"45 Le Loi, Quan 1, TP.HCM"
perfuser073@eshop.test,Perf1234!,73,2,8000000,16000000,"88 Tran Hung Dao, Quan 1, TP.HCM"
perfuser074@eshop.test,Perf1234!,74,3,9000000,27000000,"3 Cong Hoa, Tan Binh, TP.HCM"
perfuser075@eshop.test,Perf1234!,75,1,10000000,10000000,"12 Nguyen Hue, Quan 1, TP.HCM"
perfuser076@eshop.test,Perf1234!,76,2,11000000,22000000,"227 Nguyen Van Cu, Quan 5, TP.HCM"
perfuser077@eshop.test,Perf1234!,77,3,12000000,36000000,"45 Le Loi, Quan 1, TP.HCM"
perfuser078@eshop.test,Perf1234!,78,1,13000000,13000000,"88 Tran Hung Dao, Quan 1, TP.HCM"
perfuser079@eshop.test,Perf1234!,79,2,14000000,28000000,"3 Cong Hoa, Tan Binh, TP.HCM"
perfuser080@eshop.test,Perf1234!,80,3,5000000,15000000,"12 Nguyen Hue, Quan 1, TP.HCM"
perfuser081@eshop.test,Perf1234!,81,1,6000000,6000000,"227 Nguyen Van Cu, Quan 5, TP.HCM"
perfuser082@eshop.test,Perf1234!,82,2,7000000,14000000,"45 Le Loi, Quan 1, TP.HCM"
perfuser083@eshop.test,Perf1234!,83,3,8000000,24000000,"88 Tran Hung Dao, Quan 1, TP.HCM"
perfuser084@eshop.test,Perf1234!,84,1,9000000,9000000,"3 Cong Hoa, Tan Binh, TP.HCM"
perfuser085@eshop.test,Perf1234!,85,2,10000000,20000000,"12 Nguyen Hue, Quan 1, TP.HCM"
perfuser086@eshop.test,Perf1234!,86,3,11000000,33000000,"227 Nguyen Van Cu, Quan 5, TP.HCM"
perfuser087@eshop.test,Perf1234!,87,1,12000000,12000000,"45 Le Loi, Quan 1, TP.HCM"
perfuser088@eshop.test,Perf1234!,88,2,13000000,26000000,"88 Tran Hung Dao, Quan 1, TP.HCM"
perfuser089@eshop.test,Perf1234!,89,3,14000000,42000000,"3 Cong Hoa, Tan Binh, TP.HCM"
perfuser090@eshop.test,Perf1234!,90,1,5000000,5000000,"12 Nguyen Hue, Quan 1, TP.HCM"
perfuser091@eshop.test,Perf1234!,91,2,6000000,12000000,"227 Nguyen Van Cu, Quan 5, TP.HCM"
perfuser092@eshop.test,Perf1234!,92,3,7000000,21000000,"45 Le Loi, Quan 1, TP.HCM"
perfuser093@eshop.test,Perf1234!,93,1,8000000,8000000,"88 Tran Hung Dao, Quan 1, TP.HCM"
perfuser094@eshop.test,Perf1234!,94,2,9000000,18000000,"3 Cong Hoa, Tan Binh, TP.HCM"
perfuser095@eshop.test,Perf1234!,95,3,10000000,30000000,"12 Nguyen Hue, Quan 1, TP.HCM"
perfuser096@eshop.test,Perf1234!,96,1,11000000,11000000,"227 Nguyen Van Cu, Quan 5, TP.HCM"
perfuser097@eshop.test,Perf1234!,97,2,12000000,24000000,"45 Le Loi, Quan 1, TP.HCM"
perfuser098@eshop.test,Perf1234!,98,3,13000000,39000000,"88 Tran Hung Dao, Quan 1, TP.HCM"
perfuser099@eshop.test,Perf1234!,99,1,14000000,14000000,"3 Cong Hoa, Tan Binh, TP.HCM"
perfuser100@eshop.test,Perf1234!,100,2,5000000,10000000,"12 Nguyen Hue, Quan 1, TP.HCM"
perfuser101@eshop.test,Perf1234!,101,3,6000000,18000000,"227 Nguyen Van Cu, Quan 5, TP.HCM"
perfuser102@eshop.test,Perf1234!,102,1,7000000,7000000,"45 Le Loi, Quan 1, TP.HCM"
perfuser103@eshop.test,Perf1234!,103,2,8000000,16000000,"88 Tran Hung Dao, Quan 1, TP.HCM"
perfuser104@eshop.test,Perf1234!,104,3,9000000,27000000,"3 Cong Hoa, Tan Binh, TP.HCM"
perfuser105@eshop.test,Perf1234!,105,1,10000000,10000000,"12 Nguyen Hue, Quan 1, TP.HCM"
perfuser106@eshop.test,Perf1234!,106,2,11000000,22000000,"227 Nguyen Van Cu, Quan 5, TP.HCM"
perfuser107@eshop.test,Perf1234!,107,3,12000000,36000000,"45 Le Loi, Quan 1, TP.HCM"
perfuser108@eshop.test,Perf1234!,108,1,13000000,13000000,"88 Tran Hung Dao, Quan 1, TP.HCM"
perfuser109@eshop.test,Perf1234!,109,2,14000000,28000000,"3 Cong Hoa, Tan Binh, TP.HCM"
perfuser110@eshop.test,Perf1234!,110,3,5000000,15000000,"12 Nguyen Hue, Quan 1, TP.HCM"
perfuser111@eshop.test,Perf1234!,111,1,6000000,6000000,"227 Nguyen Van Cu, Quan 5, TP.HCM"
perfuser112@eshop.test,Perf1234!,112,2,7000000,14000000,"45 Le Loi, Quan 1, TP.HCM"
perfuser113@eshop.test,Perf1234!,113,3,8000000,24000000,"88 Tran Hung Dao, Quan 1, TP.HCM"
perfuser114@eshop.test,Perf1234!,114,1,9000000,9000000,"3 Cong Hoa, Tan Binh, TP.HCM"
perfuser115@eshop.test,Perf1234!,115,2,10000000,20000000,"12 Nguyen Hue, Quan 1, TP.HCM"
perfuser116@eshop.test,Perf1234!,116,3,11000000,33000000,"227 Nguyen Van Cu, Quan 5, TP.HCM"
perfuser117@eshop.test,Perf1234!,117,1,12000000,12000000,"45 Le Loi, Quan 1, TP.HCM"
perfuser118@eshop.test,Perf1234!,118,2,13000000,26000000,"88 Tran Hung Dao, Quan 1, TP.HCM"
perfuser119@eshop.test,Perf1234!,119,3,14000000,42000000,"3 Cong Hoa, Tan Binh, TP.HCM"
perfuser120@eshop.test,Perf1234!,120,1,5000000,5000000,"12 Nguyen Hue, Quan 1, TP.HCM"
perfuser121@eshop.test,Perf1234!,121,2,6000000,12000000,"227 Nguyen Van Cu, Quan 5, TP.HCM"
perfuser122@eshop.test,Perf1234!,122,3,7000000,21000000,"45 Le Loi, Quan 1, TP.HCM"
perfuser123@eshop.test,Perf1234!,123,1,8000000,8000000,"88 Tran Hung Dao, Quan 1, TP.HCM"
perfuser124@eshop.test,Perf1234!,124,2,9000000,18000000,"3 Cong Hoa, Tan Binh, TP.HCM"
perfuser125@eshop.test,Perf1234!,125,3,10000000,30000000,"12 Nguyen Hue, Quan 1, TP.HCM"
perfuser126@eshop.test,Perf1234!,126,1,11000000,11000000,"227 Nguyen Van Cu, Quan 5, TP.HCM"
perfuser127@eshop.test,Perf1234!,127,2,12000000,24000000,"45 Le Loi, Quan 1, TP.HCM"
perfuser128@eshop.test,Perf1234!,128,3,13000000,39000000,"88 Tran Hung Dao, Quan 1, TP.HCM"
perfuser129@eshop.test,Perf1234!,129,1,14000000,14000000,"3 Cong Hoa, Tan Binh, TP.HCM"
perfuser130@eshop.test,Perf1234!,130,2,5000000,10000000,"12 Nguyen Hue, Quan 1, TP.HCM"
perfuser131@eshop.test,Perf1234!,131,3,6000000,18000000,"227 Nguyen Van Cu, Quan 5, TP.HCM"
perfuser132@eshop.test,Perf1234!,132,1,7000000,7000000,"45 Le Loi, Quan 1, TP.HCM"
perfuser133@eshop.test,Perf1234!,133,2,8000000,16000000,"88 Tran Hung Dao, Quan 1, TP.HCM"
perfuser134@eshop.test,Perf1234!,134,3,9000000,27000000,"3 Cong Hoa, Tan Binh, TP.HCM"
perfuser135@eshop.test,Perf1234!,135,1,10000000,10000000,"12 Nguyen Hue, Quan 1, TP.HCM"
perfuser136@eshop.test,Perf1234!,136,2,11000000,22000000,"227 Nguyen Van Cu, Quan 5, TP.HCM"
perfuser137@eshop.test,Perf1234!,137,3,12000000,36000000,"45 Le Loi, Quan 1, TP.HCM"
perfuser138@eshop.test,Perf1234!,138,1,13000000,13000000,"88 Tran Hung Dao, Quan 1, TP.HCM"
perfuser139@eshop.test,Perf1234!,139,2,14000000,28000000,"3 Cong Hoa, Tan Binh, TP.HCM"
perfuser140@eshop.test,Perf1234!,140,3,5000000,15000000,"12 Nguyen Hue, Quan 1, TP.HCM"
perfuser141@eshop.test,Perf1234!,141,1,6000000,6000000,"227 Nguyen Van Cu, Quan 5, TP.HCM"
perfuser142@eshop.test,Perf1234!,142,2,7000000,14000000,"45 Le Loi, Quan 1, TP.HCM"
perfuser143@eshop.test,Perf1234!,143,3,8000000,24000000,"88 Tran Hung Dao, Quan 1, TP.HCM"
perfuser144@eshop.test,Perf1234!,144,1,9000000,9000000,"3 Cong Hoa, Tan Binh, TP.HCM"
perfuser145@eshop.test,Perf1234!,145,2,10000000,20000000,"12 Nguyen Hue, Quan 1, TP.HCM"
perfuser146@eshop.test,Perf1234!,146,3,11000000,33000000,"227 Nguyen Van Cu, Quan 5, TP.HCM"
perfuser147@eshop.test,Perf1234!,147,1,12000000,12000000,"45 Le Loi, Quan 1, TP.HCM"
perfuser148@eshop.test,Perf1234!,148,2,13000000,26000000,"88 Tran Hung Dao, Quan 1, TP.HCM"
perfuser149@eshop.test,Perf1234!,149,3,14000000,42000000,"3 Cong Hoa, Tan Binh, TP.HCM"
perfuser150@eshop.test,Perf1234!,150,1,5000000,5000000,"12 Nguyen Hue, Quan 1, TP.HCM"
perfuser151@eshop.test,Perf1234!,151,2,6000000,12000000,"227 Nguyen Van Cu, Quan 5, TP.HCM"
perfuser152@eshop.test,Perf1234!,152,3,7000000,21000000,"45 Le Loi, Quan 1, TP.HCM"
perfuser153@eshop.test,Perf1234!,1,1,6000000,6000000,"88 Tran Hung Dao, Quan 1, TP.HCM"
perfuser154@eshop.test,Perf1234!,2,2,7000000,14000000,"3 Cong Hoa, Tan Binh, TP.HCM"
perfuser155@eshop.test,Perf1234!,3,3,8000000,24000000,"12 Nguyen Hue, Quan 1, TP.HCM"
perfuser156@eshop.test,Perf1234!,4,1,9000000,9000000,"227 Nguyen Van Cu, Quan 5, TP.HCM"
perfuser157@eshop.test,Perf1234!,5,2,10000000,20000000,"45 Le Loi, Quan 1, TP.HCM"
perfuser158@eshop.test,Perf1234!,6,3,11000000,33000000,"88 Tran Hung Dao, Quan 1, TP.HCM"
perfuser159@eshop.test,Perf1234!,7,1,12000000,12000000,"3 Cong Hoa, Tan Binh, TP.HCM"
perfuser160@eshop.test,Perf1234!,8,2,13000000,26000000,"12 Nguyen Hue, Quan 1, TP.HCM"
perfuser161@eshop.test,Perf1234!,9,3,14000000,42000000,"227 Nguyen Van Cu, Quan 5, TP.HCM"
perfuser162@eshop.test,Perf1234!,10,1,5000000,5000000,"45 Le Loi, Quan 1, TP.HCM"
perfuser163@eshop.test,Perf1234!,11,2,6000000,12000000,"88 Tran Hung Dao, Quan 1, TP.HCM"
perfuser164@eshop.test,Perf1234!,12,3,7000000,21000000,"3 Cong Hoa, Tan Binh, TP.HCM"
perfuser165@eshop.test,Perf1234!,13,1,8000000,8000000,"12 Nguyen Hue, Quan 1, TP.HCM"
perfuser166@eshop.test,Perf1234!,14,2,9000000,18000000,"227 Nguyen Van Cu, Quan 5, TP.HCM"
perfuser167@eshop.test,Perf1234!,15,3,10000000,30000000,"45 Le Loi, Quan 1, TP.HCM"
perfuser168@eshop.test,Perf1234!,16,1,11000000,11000000,"88 Tran Hung Dao, Quan 1, TP.HCM"
perfuser169@eshop.test,Perf1234!,17,2,12000000,24000000,"3 Cong Hoa, Tan Binh, TP.HCM"
perfuser170@eshop.test,Perf1234!,18,3,13000000,39000000,"12 Nguyen Hue, Quan 1, TP.HCM"
perfuser171@eshop.test,Perf1234!,19,1,14000000,14000000,"227 Nguyen Van Cu, Quan 5, TP.HCM"
perfuser172@eshop.test,Perf1234!,20,2,5000000,10000000,"45 Le Loi, Quan 1, TP.HCM"
perfuser173@eshop.test,Perf1234!,21,3,6000000,18000000,"88 Tran Hung Dao, Quan 1, TP.HCM"
perfuser174@eshop.test,Perf1234!,22,1,7000000,7000000,"3 Cong Hoa, Tan Binh, TP.HCM"
perfuser175@eshop.test,Perf1234!,23,2,8000000,16000000,"12 Nguyen Hue, Quan 1, TP.HCM"
perfuser176@eshop.test,Perf1234!,24,3,9000000,27000000,"227 Nguyen Van Cu, Quan 5, TP.HCM"
perfuser177@eshop.test,Perf1234!,25,1,10000000,10000000,"45 Le Loi, Quan 1, TP.HCM"
perfuser178@eshop.test,Perf1234!,26,2,11000000,22000000,"88 Tran Hung Dao, Quan 1, TP.HCM"
perfuser179@eshop.test,Perf1234!,27,3,12000000,36000000,"3 Cong Hoa, Tan Binh, TP.HCM"
perfuser180@eshop.test,Perf1234!,28,1,13000000,13000000,"12 Nguyen Hue, Quan 1, TP.HCM"
perfuser181@eshop.test,Perf1234!,29,2,14000000,28000000,"227 Nguyen Van Cu, Quan 5, TP.HCM"
perfuser182@eshop.test,Perf1234!,30,3,5000000,15000000,"45 Le Loi, Quan 1, TP.HCM"
perfuser183@eshop.test,Perf1234!,31,1,6000000,6000000,"88 Tran Hung Dao, Quan 1, TP.HCM"
perfuser184@eshop.test,Perf1234!,32,2,7000000,14000000,"3 Cong Hoa, Tan Binh, TP.HCM"
perfuser185@eshop.test,Perf1234!,33,3,8000000,24000000,"12 Nguyen Hue, Quan 1, TP.HCM"
perfuser186@eshop.test,Perf1234!,34,1,9000000,9000000,"227 Nguyen Van Cu, Quan 5, TP.HCM"
perfuser187@eshop.test,Perf1234!,35,2,10000000,20000000,"45 Le Loi, Quan 1, TP.HCM"
perfuser188@eshop.test,Perf1234!,36,3,11000000,33000000,"88 Tran Hung Dao, Quan 1, TP.HCM"
perfuser189@eshop.test,Perf1234!,37,1,12000000,12000000,"3 Cong Hoa, Tan Binh, TP.HCM"
perfuser190@eshop.test,Perf1234!,38,2,13000000,26000000,"12 Nguyen Hue, Quan 1, TP.HCM"
perfuser191@eshop.test,Perf1234!,39,3,14000000,42000000,"227 Nguyen Van Cu, Quan 5, TP.HCM"
perfuser192@eshop.test,Perf1234!,40,1,5000000,5000000,"45 Le Loi, Quan 1, TP.HCM"
perfuser193@eshop.test,Perf1234!,41,2,6000000,12000000,"88 Tran Hung Dao, Quan 1, TP.HCM"
perfuser194@eshop.test,Perf1234!,42,3,7000000,21000000,"3 Cong Hoa, Tan Binh, TP.HCM"
perfuser195@eshop.test,Perf1234!,43,1,8000000,8000000,"12 Nguyen Hue, Quan 1, TP.HCM"
perfuser196@eshop.test,Perf1234!,44,2,9000000,18000000,"227 Nguyen Van Cu, Quan 5, TP.HCM"
perfuser197@eshop.test,Perf1234!,45,3,10000000,30000000,"45 Le Loi, Quan 1, TP.HCM"
perfuser198@eshop.test,Perf1234!,46,1,11000000,11000000,"88 Tran Hung Dao, Quan 1, TP.HCM"
perfuser199@eshop.test,Perf1234!,47,2,12000000,24000000,"3 Cong Hoa, Tan Binh, TP.HCM"
perfuser200@eshop.test,Perf1234!,48,3,13000000,39000000,"12 Nguyen Hue, Quan 1, TP.HCM"
