iso_time,pid,cpu_percent,rss_kb,vsz_kb,threads,open_fds
2026-08-13T08:06:03+07:00,52227,0.5,93400,1352348,11,27
2026-08-13T08:06:05+07:00,52227,5.0,95352,1353076,11,61
2026-08-13T08:06:07+07:00,52227,9.5,99700,1372936,11,95
2026-08-13T08:06:09+07:00,52227,14.0,107748,1374220,11,129
2026-08-13T08:06:11+07:00,52227,18.0,115068,1374220,11,162
2026-08-13T08:06:13+07:00,52227,23.0,117484,1376432,11,197
2026-08-13T08:06:15+07:00,52227,25.0,118232,1377200,11,230
2026-08-13T08:06:17+07:00,52227,25.5,118356,1377344,11,264
2026-08-13T08:06:19+07:00,52227,34.0,119696,1377752,11,297
2026-08-13T08:06:21+07:00,52227,39.5,121772,1378148,11,331
2026-08-13T08:06:23+07:00,52227,37.0,121688,1377772,11,365
2026-08-13T08:06:25+07:00,52227,39.5,121228,1377772,11,400
2026-08-13T08:06:27+07:00,52227,38.5,121240,1377772,11,432
2026-08-13T08:06:29+07:00,52227,44.0,121312,1377772,11,468
2026-08-13T08:06:31+07:00,52227,49.5,121796,1377924,11,501
2026-08-13T08:06:33+07:00,52227,53.5,120968,1377924,11,534
2026-08-13T08:06:35+07:00,52227,57.5,121088,1377924,11,567
2026-08-13T08:06:37+07:00,52227,54.0,121284,1378188,11,602
2026-08-13T08:06:39+07:00,52227,60.5,121380,1378444,11,635
2026-08-13T08:06:41+07:00,52227,60.0,121564,1378956,11,670
2026-08-13T08:06:43+07:00,52227,61.5,122212,1379096,11,703
2026-08-13T08:06:45+07:00,52227,64.5,122608,1379244,11,735
2026-08-13T08:06:47+07:00,52227,65.5,122736,1379392,11,769
2026-08-13T08:06:49+07:00,52227,71.0,122772,1379392,11,802
2026-08-13T08:06:51+07:00,52227,66.0,123204,1380040,11,835
2026-08-13T08:06:53+07:00,52227,69.5,123548,1380172,11,872
2026-08-13T08:06:56+07:00,52227,75.5,124508,1381196,11,904
2026-08-13T08:06:58+07:00,52227,79.5,124936,1381332,11,939
2026-08-13T08:07:00+07:00,52227,78.0,125128,1381476,11,973
2026-08-13T08:07:02+07:00,52227,81.5,125172,1382500,11,1005
2026-08-13T08:07:04+07:00,52227,85.0,125476,1382636,11,1023
2026-08-13T08:07:06+07:00,52227,79.0,125660,1382636,11,1023
2026-08-13T08:07:08+07:00,52227,80.5,125996,1382892,11,1023
2026-08-13T08:07:10+07:00,52227,86.5,125996,1382892,11,1023
2026-08-13T08:07:12+07:00,52227,82.0,126136,1383040,11,1023
2026-08-13T08:07:14+07:00,52227,82.5,126748,1383040,11,1023
2026-08-13T08:07:16+07:00,52227,82.0,126812,1383040,11,1023
2026-08-13T08:07:18+07:00,52227,81.5,126812,1383040,11,1023
2026-08-13T08:07:20+07:00,52227,81.0,126812,1383040,11,1023
2026-08-13T08:07:22+07:00,52227,84.5,126956,1383040,11,1023
2026-08-13T08:07:24+07:00,52227,80.5,130492,1386368,11,1023
2026-08-13T08:07:26+07:00,52227,83.0,130540,1386368,11,1023
2026-08-13T08:07:28+07:00,52227,78.5,130540,1386368,11,1023
2026-08-13T08:07:30+07:00,52227,78.5,130540,1386368,11,1023
2026-08-13T08:07:32+07:00,52227,80.0,130540,1386368,11,1023
2026-08-13T08:07:34+07:00,52227,84.5,130540,1386368,11,1023
2026-08-13T08:07:36+07:00,52227,85.5,130540,1386368,11,1023
2026-08-13T08:07:38+07:00,52227,87.5,130540,1386368,11,1023
2026-08-13T08:07:40+07:00,52227,86.5,130788,1386368,11,1023
2026-08-13T08:07:42+07:00,52227,83.5,131072,1386368,11,1023
2026-08-13T08:07:44+07:00,52227,86.0,131072,1386368,11,1023
2026-08-13T08:07:46+07:00,52227,82.5,131072,1386368,11,1023
2026-08-13T08:07:48+07:00,52227,76.0,131072,1386368,11,1023
2026-08-13T08:07:50+07:00,52227,76.5,131072,1386368,11,1023
2026-08-13T08:07:52+07:00,52227,79.5,131072,1386368,11,1023
2026-08-13T08:07:54+07:00,52227,75.0,131072,1386368,11,1023
2026-08-13T08:07:56+07:00,52227,78.0,131072,1386368,11,1023
2026-08-13T08:07:58+07:00,52227,81.5,135176,1390464,11,1023
2026-08-13T08:08:00+07:00,52227,77.5,140296,1395584,11,1023
2026-08-13T08:08:02+07:00,52227,81.0,140300,1395584,11,1023
2026-08-13T08:08:04+07:00,52227,82.5,140300,1395584,11,1023
2026-08-13T08:08:06+07:00,52227,80.5,140304,1395584,11,1023
2026-08-13T08:08:08+07:00,52227,84.0,140304,1395584,11,1023
2026-08-13T08:08:10+07:00,52227,85.0,140344,1395584,11,1023
2026-08-13T08:08:12+07:00,52227,85.5,140604,1395584,11,1023
2026-08-13T08:08:14+07:00,52227,81.5,140604,1395584,11,1023
2026-08-13T08:08:17+07:00,52227,81.5,140604,1395584,11,1023
2026-08-13T08:08:19+07:00,52227,83.5,140608,1395584,11,1023
2026-08-13T08:08:21+07:00,52227,81.5,140608,1395584,11,1023
2026-08-13T08:08:23+07:00,52227,81.5,140608,1395584,11,1023
2026-08-13T08:08:25+07:00,52227,81.0,140608,1395584,11,1023
2026-08-13T08:08:27+07:00,52227,85.0,150828,1406080,11,1023
2026-08-13T08:08:29+07:00,52227,83.5,150828,1406080,11,1023
2026-08-13T08:08:31+07:00,52227,80.0,150828,1406080,11,1023
2026-08-13T08:08:33+07:00,52227,83.0,150832,1406080,11,1023
2026-08-13T08:08:35+07:00,52227,83.5,150852,1406080,11,1024
2026-08-13T08:08:37+07:00,52227,82.0,150852,1406080,11,1023
2026-08-13T08:08:39+07:00,52227,79.5,150868,1406080,11,1023
2026-08-13T08:08:41+07:00,52227,84.0,150868,1406080,11,1023
2026-08-13T08:08:43+07:00,52227,79.0,150868,1406080,11,1023
2026-08-13T08:08:45+07:00,52227,82.0,150868,1406080,11,1023
2026-08-13T08:08:47+07:00,52227,82.0,150868,1406080,11,1023
2026-08-13T08:08:49+07:00,52227,80.5,150868,1406080,11,1023
2026-08-13T08:08:51+07:00,52227,84.5,150868,1406080,11,1023
2026-08-13T08:08:53+07:00,52227,77.0,151512,1406080,11,1023
2026-08-13T08:08:55+07:00,52227,78.0,151516,1406080,11,1023
2026-08-13T08:08:57+07:00,52227,83.0,151516,1406080,11,1023
2026-08-13T08:08:59+07:00,52227,83.0,151516,1406080,11,1023
2026-08-13T08:09:01+07:00,52227,83.0,151520,1406080,11,1023
2026-08-13T08:09:03+07:00,52227,81.5,151520,1406080,11,1023
2026-08-13T08:09:05+07:00,52227,85.0,152644,1406080,11,1023
2026-08-13T08:09:07+07:00,52227,86.5,152644,1406080,11,1023
2026-08-13T08:09:09+07:00,52227,81.0,152648,1406080,11,1023
2026-08-13T08:09:11+07:00,52227,85.5,152648,1406080,11,1023
2026-08-13T08:09:13+07:00,52227,85.0,152648,1406080,11,1023
2026-08-13T08:09:15+07:00,52227,82.5,152648,1406080,11,1023
2026-08-13T08:09:17+07:00,52227,83.5,152652,1406080,11,1023
2026-08-13T08:09:19+07:00,52227,84.5,152656,1406080,11,1023
2026-08-13T08:09:21+07:00,52227,81.5,152752,1406080,11,1023
2026-08-13T08:09:23+07:00,52227,81.5,152752,1406080,11,1023
2026-08-13T08:09:25+07:00,52227,81.0,152752,1406080,11,1023
2026-08-13T08:09:27+07:00,52227,81.5,152752,1406080,11,1023
2026-08-13T08:09:29+07:00,52227,83.5,153136,1406080,11,1023
2026-08-13T08:09:31+07:00,52227,89.0,153136,1406080,11,1023
2026-08-13T08:09:33+07:00,52227,86.5,153764,1406080,11,1023
2026-08-13T08:09:36+07:00,52227,92.5,153764,1406080,11,1023
2026-08-13T08:09:38+07:00,52227,97.0,153764,1406080,11,1023
2026-08-13T08:09:40+07:00,52227,94.5,153800,1406080,11,1023
2026-08-13T08:09:42+07:00,52227,101.0,153800,1406080,11,1023
2026-08-13T08:09:44+07:00,52227,98.0,153896,1406212,11,1023
2026-08-13T08:09:46+07:00,52227,84.5,153896,1406212,11,1023
2026-08-13T08:09:48+07:00,52227,83.0,154152,1406212,11,1023
2026-08-13T08:09:50+07:00,52227,84.0,154152,1406212,11,1023
2026-08-13T08:09:52+07:00,52227,94.5,154444,1406212,11,1023
2026-08-13T08:09:54+07:00,52227,97.5,154444,1406212,11,1023
2026-08-13T08:09:56+07:00,52227,98.5,154444,1406212,11,1023
2026-08-13T08:09:58+07:00,52227,96.0,154444,1406212,11,1023
2026-08-13T08:10:00+07:00,52227,101.0,154480,1406212,11,1023
2026-08-13T08:10:02+07:00,52227,100.5,154480,1406212,11,1023
2026-08-13T08:10:04+07:00,52227,100.0,154480,1406212,11,1023
2026-08-13T08:10:06+07:00,52227,101.0,154500,1406212,11,1023
2026-08-13T08:10:08+07:00,52227,97.0,154504,1406212,11,1023
2026-08-13T08:10:10+07:00,52227,89.0,154504,1406212,11,1023
2026-08-13T08:10:12+07:00,52227,88.0,154504,1406212,11,1023
2026-08-13T08:10:14+07:00,52227,83.5,154504,1406212,11,1023
2026-08-13T08:10:16+07:00,52227,97.5,154508,1406212,11,1023
2026-08-13T08:10:18+07:00,52227,90.0,154508,1406212,11,1023
2026-08-13T08:10:20+07:00,52227,98.5,154584,1406212,11,1023
2026-08-13T08:10:22+07:00,52227,101.5,154584,1406212,11,1023
2026-08-13T08:10:24+07:00,52227,97.5,154584,1406212,11,1023
2026-08-13T08:10:26+07:00,52227,95.5,154584,1406212,11,1023
2026-08-13T08:10:28+07:00,52227,94.5,154584,1406212,11,1023
2026-08-13T08:10:30+07:00,52227,88.0,154792,1406212,11,1023
2026-08-13T08:10:32+07:00,52227,97.5,154792,1406212,11,1023
2026-08-13T08:10:34+07:00,52227,99.5,154792,1406212,11,1023
2026-08-13T08:10:36+07:00,52227,93.5,154792,1406212,11,1023
2026-08-13T08:10:38+07:00,52227,93.0,154792,1406212,11,1023
2026-08-13T08:10:40+07:00,52227,95.0,154792,1406212,11,1023
2026-08-13T08:10:42+07:00,52227,97.0,154844,1406212,11,1023
2026-08-13T08:10:44+07:00,52227,98.5,154868,1406212,11,1023
2026-08-13T08:10:46+07:00,52227,96.5,154868,1406212,11,1023
2026-08-13T08:10:49+07:00,52227,95.0,154868,1406212,11,1023
2026-08-13T08:10:51+07:00,52227,94.0,154868,1406212,11,1023
2026-08-13T08:10:53+07:00,52227,93.5,154888,1406212,11,1023
2026-08-13T08:10:55+07:00,52227,94.5,154896,1406212,11,1023
2026-08-13T08:10:57+07:00,52227,92.0,154896,1406212,11,1023
2026-08-13T08:10:59+07:00,52227,91.5,154896,1406212,11,1023
2026-08-13T08:11:01+07:00,52227,85.0,154896,1406212,11,1023
2026-08-13T08:11:03+07:00,52227,81.5,154896,1406212,11,1023
2026-08-13T08:11:05+07:00,52227,87.0,154896,1406212,11,1023
2026-08-13T08:11:07+07:00,52227,97.0,154896,1406212,11,1023
2026-08-13T08:11:09+07:00,52227,97.5,154896,1406212,11,1023
2026-08-13T08:11:11+07:00,52227,98.0,154896,1406212,11,1023
2026-08-13T08:11:13+07:00,52227,95.0,154896,1406212,11,1023
2026-08-13T08:11:15+07:00,52227,95.0,154896,1406212,11,1023
2026-08-13T08:11:17+07:00,52227,95.0,154896,1406212,11,1023
2026-08-13T08:11:19+07:00,52227,98.5,154896,1406212,11,1023
2026-08-13T08:11:21+07:00,52227,93.5,154896,1406212,11,1023
2026-08-13T08:11:23+07:00,52227,89.5,154896,1406212,11,1023
2026-08-13T08:11:25+07:00,52227,91.5,154896,1406212,11,1023
2026-08-13T08:11:27+07:00,52227,93.5,154896,1406212,11,1023
2026-08-13T08:11:29+07:00,52227,91.0,154896,1406212,11,1023
2026-08-13T08:11:31+07:00,52227,91.5,154896,1406212,11,1023
2026-08-13T08:11:33+07:00,52227,97.5,155032,1406212,11,1023
2026-08-13T08:11:35+07:00,52227,100.0,155032,1406212,11,1023
2026-08-13T08:11:37+07:00,52227,97.0,155032,1406212,11,1023
2026-08-13T08:11:39+07:00,52227,95.5,155032,1406212,11,1023
2026-08-13T08:11:41+07:00,52227,95.5,155084,1406212,11,1023
2026-08-13T08:11:43+07:00,52227,98.5,155084,1406212,11,1023
2026-08-13T08:11:45+07:00,52227,109.5,161496,1406212,11,1023
2026-08-13T08:11:47+07:00,52227,105.5,161496,1406212,11,1023
2026-08-13T08:11:49+07:00,52227,102.5,162924,1407748,11,1023
2026-08-13T08:11:51+07:00,52227,93.0,163032,1407748,11,1023
2026-08-13T08:11:53+07:00,52227,86.0,163032,1407748,11,1023
2026-08-13T08:11:55+07:00,52227,86.5,163032,1407748,11,1023
2026-08-13T08:11:57+07:00,52227,89.0,163032,1407748,11,1023
2026-08-13T08:11:59+07:00,52227,83.0,163032,1407748,11,1023
2026-08-13T08:12:01+07:00,52227,84.5,163032,1407748,11,1023
2026-08-13T08:12:03+07:00,52227,83.0,160820,1407748,11,1023
2026-08-13T08:12:06+07:00,52227,84.0,160820,1407748,11,1023
2026-08-13T08:12:08+07:00,52227,81.0,160820,1407748,11,1023
2026-08-13T08:12:10+07:00,52227,85.5,160860,1407748,11,1023
2026-08-13T08:12:12+07:00,52227,81.0,160964,1407748,11,1023
2026-08-13T08:12:14+07:00,52227,84.5,160964,1407748,11,1023
2026-08-13T08:12:16+07:00,52227,81.5,160996,1407748,11,1023
2026-08-13T08:12:18+07:00,52227,81.5,160996,1407748,11,1023
2026-08-13T08:12:20+07:00,52227,79.0,160996,1407748,11,1023
2026-08-13T08:12:22+07:00,52227,81.5,160996,1407748,11,1023
2026-08-13T08:12:24+07:00,52227,80.5,160996,1407748,11,1023
2026-08-13T08:12:26+07:00,52227,82.0,161000,1407748,11,1023
2026-08-13T08:12:28+07:00,52227,90.5,161000,1407748,11,1023
2026-08-13T08:12:30+07:00,52227,86.5,161000,1407748,11,1023
2026-08-13T08:12:32+07:00,52227,85.0,161000,1407748,11,1023
2026-08-13T08:12:34+07:00,52227,89.0,161000,1407748,11,1023
2026-08-13T08:12:36+07:00,52227,99.5,161064,1407748,11,1024
2026-08-13T08:12:38+07:00,52227,90.0,161064,1407748,11,1023
2026-08-13T08:12:40+07:00,52227,101.5,161064,1407748,11,1023
2026-08-13T08:12:42+07:00,52227,107.0,161212,1407748,11,1023
2026-08-13T08:12:44+07:00,52227,93.0,161212,1407748,11,1023
2026-08-13T08:12:46+07:00,52227,81.5,161212,1407748,11,1023
2026-08-13T08:12:48+07:00,52227,87.0,161212,1407748,11,1023
2026-08-13T08:12:50+07:00,52227,92.5,161212,1407748,11,1023
2026-08-13T08:12:52+07:00,52227,103.0,161724,1408260,11,1023
2026-08-13T08:12:54+07:00,52227,103.5,161724,1408260,11,1023
2026-08-13T08:12:56+07:00,52227,103.0,161724,1408260,11,1023
2026-08-13T08:12:58+07:00,52227,106.5,161820,1408260,11,1024
2026-08-13T08:13:00+07:00,52227,101.0,161820,1408260,11,1023
2026-08-13T08:13:02+07:00,52227,100.0,161820,1408260,11,1023
2026-08-13T08:13:04+07:00,52227,102.0,162416,1408260,11,1023
2026-08-13T08:13:06+07:00,52227,104.5,162416,1408260,11,1023
2026-08-13T08:13:08+07:00,52227,101.0,162672,1408516,11,1023
2026-08-13T08:13:10+07:00,52227,101.0,163616,1410052,11,1023
2026-08-13T08:13:12+07:00,52227,103.0,163636,1410052,11,1023
2026-08-13T08:13:14+07:00,52227,100.5,163764,1410052,11,1023
2026-08-13T08:13:16+07:00,52227,103.5,163764,1410052,11,1023
2026-08-13T08:13:19+07:00,52227,99.5,163764,1410052,11,1023
2026-08-13T08:13:21+07:00,52227,104.0,163764,1410052,11,1024
2026-08-13T08:13:23+07:00,52227,102.5,163764,1410052,11,1023
2026-08-13T08:13:25+07:00,52227,87.5,163764,1410052,11,1023
2026-08-13T08:13:27+07:00,52227,85.5,163764,1410052,11,1023
2026-08-13T08:13:29+07:00,52227,84.0,163764,1410052,11,1023
2026-08-13T08:13:31+07:00,52227,89.5,163764,1410052,11,1023
2026-08-13T08:13:33+07:00,52227,84.0,163764,1410052,11,1023
2026-08-13T08:13:35+07:00,52227,86.0,163764,1410052,11,1023
2026-08-13T08:13:37+07:00,52227,85.0,163768,1410052,11,1023
2026-08-13T08:13:39+07:00,52227,82.5,163768,1410052,11,1023
2026-08-13T08:13:41+07:00,52227,84.0,163768,1410052,11,1023
2026-08-13T08:13:43+07:00,52227,82.5,163768,1410052,11,1023
2026-08-13T08:13:45+07:00,52227,87.0,163768,1410052,11,1023
2026-08-13T08:13:47+07:00,52227,81.5,163768,1410052,11,1023
2026-08-13T08:13:49+07:00,52227,82.5,163856,1410052,11,1023
2026-08-13T08:13:51+07:00,52227,83.0,163856,1410052,11,1023
2026-08-13T08:13:53+07:00,52227,83.5,163968,1410052,11,1023
2026-08-13T08:13:55+07:00,52227,83.5,163968,1410052,11,1023
2026-08-13T08:13:57+07:00,52227,84.0,163968,1410052,11,1023
2026-08-13T08:13:59+07:00,52227,85.0,163968,1410052,11,1023
2026-08-13T08:14:01+07:00,52227,84.0,163968,1410052,11,1023
2026-08-13T08:14:03+07:00,52227,89.5,163968,1410052,11,1023
2026-08-13T08:14:05+07:00,52227,86.0,163968,1410052,11,1023
2026-08-13T08:14:07+07:00,52227,83.0,163968,1410052,11,1023
2026-08-13T08:14:09+07:00,52227,82.0,163968,1410052,11,1023
2026-08-13T08:14:11+07:00,52227,84.5,163968,1410052,11,1023
2026-08-13T08:14:13+07:00,52227,88.5,163968,1410052,11,1023
2026-08-13T08:14:15+07:00,52227,83.5,163968,1410052,11,1023
2026-08-13T08:14:17+07:00,52227,87.5,163968,1410052,11,1023
2026-08-13T08:14:19+07:00,52227,90.0,164164,1410052,11,1023
2026-08-13T08:14:21+07:00,52227,87.0,164168,1410052,11,1023
2026-08-13T08:14:23+07:00,52227,91.5,164168,1410052,11,1024
2026-08-13T08:14:25+07:00,52227,90.5,164168,1410052,11,1023
2026-08-13T08:14:27+07:00,52227,82.0,164168,1410052,11,1023
2026-08-13T08:14:29+07:00,52227,87.0,164168,1410052,11,1023
2026-08-13T08:14:31+07:00,52227,88.5,164168,1410052,11,1023
2026-08-13T08:14:33+07:00,52227,87.5,164168,1410052,11,1023
2026-08-13T08:14:35+07:00,52227,86.5,164168,1410052,11,1023
2026-08-13T08:14:38+07:00,52227,85.0,164168,1410052,11,1023
2026-08-13T08:14:40+07:00,52227,92.5,164168,1410052,11,1023
2026-08-13T08:14:42+07:00,52227,88.5,164168,1410052,11,1023
2026-08-13T08:14:44+07:00,52227,79.0,164168,1410052,11,1023
2026-08-13T08:14:46+07:00,52227,80.5,164168,1410052,11,1023
2026-08-13T08:14:48+07:00,52227,81.5,164168,1410052,11,1023
2026-08-13T08:14:50+07:00,52227,83.5,164168,1410052,11,1023
2026-08-13T08:14:52+07:00,52227,86.5,164168,1410052,11,1023
2026-08-13T08:14:54+07:00,52227,88.0,164168,1410052,11,1023
2026-08-13T08:14:56+07:00,52227,89.5,164168,1410052,11,1023
2026-08-13T08:14:58+07:00,52227,85.0,164168,1410052,11,1023
2026-08-13T08:15:00+07:00,52227,84.5,164172,1410052,11,1023
2026-08-13T08:15:02+07:00,52227,97.0,164172,1410052,11,1023
2026-08-13T08:15:04+07:00,52227,105.5,164740,1410052,11,1023
2026-08-13T08:15:06+07:00,52227,96.0,164740,1410052,11,1023
2026-08-13T08:15:08+07:00,52227,98.5,164740,1410052,11,1023
2026-08-13T08:15:10+07:00,52227,91.0,164740,1410052,11,1023
2026-08-13T08:15:12+07:00,52227,99.0,164744,1410052,11,1023
2026-08-13T08:15:14+07:00,52227,82.5,164744,1410052,11,1023
2026-08-13T08:15:16+07:00,52227,94.0,164744,1410052,11,1022
2026-08-13T08:15:18+07:00,52227,87.0,164744,1410052,11,1023
2026-08-13T08:15:20+07:00,52227,89.5,164744,1410052,11,1023
2026-08-13T08:15:22+07:00,52227,85.5,164744,1410052,11,1023
2026-08-13T08:15:24+07:00,52227,84.0,164744,1410052,11,1023
2026-08-13T08:15:26+07:00,52227,87.0,164744,1410052,11,1023
2026-08-13T08:15:28+07:00,52227,89.5,164744,1410052,11,1023
2026-08-13T08:15:30+07:00,52227,97.5,164744,1410052,11,1023
2026-08-13T08:15:32+07:00,52227,94.0,164744,1410052,11,1023
2026-08-13T08:15:34+07:00,52227,93.5,164744,1410052,11,1023
2026-08-13T08:15:36+07:00,52227,87.5,164744,1410052,11,1023
2026-08-13T08:15:38+07:00,52227,86.5,164744,1410052,11,1023
2026-08-13T08:15:40+07:00,52227,85.5,164744,1410052,11,1023
2026-08-13T08:15:42+07:00,52227,82.0,164744,1410052,11,1023
2026-08-13T08:15:44+07:00,52227,84.0,164744,1410052,11,1023
2026-08-13T08:15:46+07:00,52227,90.0,164744,1410052,11,1023
2026-08-13T08:15:48+07:00,52227,87.0,164744,1410052,11,1023
2026-08-13T08:15:50+07:00,52227,85.0,164744,1410052,11,1023
2026-08-13T08:15:52+07:00,52227,78.5,164744,1410052,11,1023
2026-08-13T08:15:55+07:00,52227,80.0,164744,1410052,11,1023
2026-08-13T08:15:57+07:00,52227,83.0,164744,1410052,11,1023
2026-08-13T08:15:59+07:00,52227,84.0,164744,1410052,11,1023
2026-08-13T08:16:01+07:00,52227,81.5,164744,1410052,11,1023
2026-08-13T08:16:03+07:00,52227,80.5,164744,1410052,11,1023
2026-08-13T08:16:05+07:00,52227,82.5,164744,1410052,11,1023
2026-08-13T08:16:07+07:00,52227,85.0,164744,1410052,11,1023
2026-08-13T08:16:09+07:00,52227,86.5,164744,1410052,11,1023
2026-08-13T08:16:11+07:00,52227,88.0,164744,1410052,11,1023
2026-08-13T08:16:13+07:00,52227,97.5,164744,1410052,11,1023
2026-08-13T08:16:15+07:00,52227,94.5,164744,1410052,11,1023
2026-08-13T08:16:17+07:00,52227,92.0,164744,1410052,11,1023
2026-08-13T08:16:19+07:00,52227,92.5,164744,1410052,11,1023
2026-08-13T08:16:21+07:00,52227,93.0,164744,1410052,11,1023
2026-08-13T08:16:23+07:00,52227,92.0,164744,1410052,11,1023
2026-08-13T08:16:25+07:00,52227,89.0,164744,1410052,11,1023
2026-08-13T08:16:27+07:00,52227,87.0,164744,1410052,11,1023
2026-08-13T08:16:29+07:00,52227,87.0,164744,1410052,11,1023
2026-08-13T08:16:31+07:00,52227,86.5,164744,1410052,11,1023
2026-08-13T08:16:33+07:00,52227,84.5,164744,1410052,11,1023
2026-08-13T08:16:35+07:00,52227,85.5,164744,1410052,11,1023
2026-08-13T08:16:37+07:00,52227,86.5,164744,1410052,11,1023
2026-08-13T08:16:39+07:00,52227,89.5,164744,1410052,11,1023
2026-08-13T08:16:41+07:00,52227,91.5,164744,1410052,11,1023
2026-08-13T08:16:43+07:00,52227,101.5,164744,1410052,11,1023
2026-08-13T08:16:45+07:00,52227,101.5,164788,1410052,11,1023
2026-08-13T08:16:47+07:00,52227,107.0,164788,1410052,11,1023
2026-08-13T08:16:49+07:00,52227,100.0,164788,1410052,11,1023
2026-08-13T08:16:51+07:00,52227,89.0,164788,1410052,11,1023
2026-08-13T08:16:53+07:00,52227,89.0,164788,1410052,11,1023
2026-08-13T08:16:55+07:00,52227,91.5,164788,1410052,11,1023
2026-08-13T08:16:57+07:00,52227,90.5,164788,1410052,11,1023
2026-08-13T08:16:59+07:00,52227,86.5,164808,1410052,11,1023
2026-08-13T08:17:01+07:00,52227,88.5,164836,1410052,11,390
2026-08-13T08:17:03+07:00,52227,18.0,164840,1410052,11,23
2026-08-13T08:17:05+07:00,52227,0.0,164840,1410052,11,23
2026-08-13T08:17:07+07:00,52227,0.0,164840,1410052,11,23
2026-08-13T08:17:10+07:00,52227,1.0,96656,1341188,11,23
2026-08-13T08:17:12+07:00,52227,1.0,93992,1338628,11,23
2026-08-13T08:17:14+07:00,52227,0.0,93992,1338628,11,23
